timestamp,repo_name,stars,forks,watchers,is_private,language
2025-12-08 10:30:14,archinstall,0,0,0,False,N/A
2025-12-08 10:30:14,Athena,1,0,1,False,N/A
2025-12-08 10:30:14,eulix,3,0,3,False,Rust
2025-12-08 10:30:14,Freya,2,0,2,False,N/A
2025-12-08 10:30:14,gin,0,0,0,False,N/A
2025-12-08 10:30:14,github-stats,0,0,0,False,Python
2025-12-08 10:30:14,Hecate,102,1,102,False,Shell
2025-12-08 10:30:14,Hermes,0,0,0,False,N/A
2025-12-08 10:30:14,hydra,0,0,0,False,N/A
2025-12-08 10:30:14,kondo,4,1,4,False,Rust
2025-12-08 10:30:14,Memori,0,0,0,False,N/A
2025-12-08 10:30:14,Nurysso,1,0,1,False,Python
2025-12-08 10:30:14,pebble,0,0,0,False,N/A
2025-12-08 10:30:14,prtofolio,1,0,1,False,TypeScript
2025-12-08 10:30:14,sddm-astronaut-theme,2,0,2,False,QML
2025-12-08 10:30:14,vanish,4,0,4,False,Go
2025-12-08 10:30:14,venus,2,0,2,False,CSS
2025-12-08 14:33:24,archinstall,0,0,0,False,N/A
2025-12-08 14:33:24,Athena,1,0,1,False,N/A
2025-12-08 14:33:24,eulix,3,0,3,False,Rust
2025-12-08 14:33:24,Freya,2,0,2,False,N/A
2025-12-08 14:33:24,gin,0,0,0,False,N/A
2025-12-08 14:33:24,github-stats,0,0,0,False,Python
2025-12-08 14:33:24,Hecate,102,1,102,False,Shell
2025-12-08 14:33:24,Hermes,0,0,0,False,N/A
2025-12-08 14:33:24,hydra,0,0,0,False,N/A
2025-12-08 14:33:24,kondo,4,1,4,False,Rust
2025-12-08 14:33:24,Memori,0,0,0,False,N/A
2025-12-08 14:33:24,Nurysso,1,0,1,False,Python
2025-12-08 14:33:24,pebble,0,0,0,False,N/A
2025-12-08 14:33:24,prtofolio,1,0,1,False,TypeScript
2025-12-08 14:33:24,sddm-astronaut-theme,2,0,2,False,QML
2025-12-08 14:33:24,vanish,4,0,4,False,Go
2025-12-08 14:33:24,venus,2,0,2,False,CSS
2025-12-09 00:48:19,archinstall,0,0,0,False,N/A
2025-12-09 00:48:19,Athena,1,0,1,False,N/A
2025-12-09 00:48:19,eulix,3,0,3,False,Rust
2025-12-09 00:48:19,Freya,2,0,2,False,N/A
2025-12-09 00:48:19,gin,0,0,0,False,N/A
2025-12-09 00:48:19,github-stats,0,0,0,False,Python
2025-12-09 00:48:19,Hecate,102,1,102,False,Shell
2025-12-09 00:48:19,Hermes,0,0,0,False,N/A
2025-12-09 00:48:19,hydra,0,0,0,False,N/A
2025-12-09 00:48:19,Memori,0,0,0,False,N/A
2025-12-09 00:48:19,Nurysso,1,0,1,False,Python
2025-12-09 00:48:19,pebble,0,0,0,False,N/A
2025-12-09 00:48:19,prtofolio,1,0,1,False,TypeScript
2025-12-09 00:48:19,sddm-astronaut-theme,2,0,2,False,QML
2025-12-09 00:48:19,tyr,5,1,5,False,Rust
2025-12-09 00:48:19,vanish,4,0,4,False,Go
2025-12-09 00:48:19,venus,2,0,2,False,CSS
2025-12-10 00:50:35,archinstall,0,0,0,False,N/A
2025-12-10 00:50:35,Athena,1,0,1,False,N/A
2025-12-10 00:50:35,eulix,3,0,3,False,Rust
2025-12-10 00:50:35,Freya,2,0,2,False,N/A
2025-12-10 00:50:35,gin,0,0,0,False,N/A
2025-12-10 00:50:35,github-stats,0,0,0,False,Python
2025-12-10 00:50:35,Hecate,102,1,102,False,Shell
2025-12-10 00:50:35,Hermes,0,0,0,False,N/A
2025-12-10 00:50:35,hydra,0,0,0,False,N/A
2025-12-10 00:50:35,Memori,0,0,0,False,N/A
2025-12-10 00:50:35,Nurysso,1,0,1,False,Python
2025-12-10 00:50:35,pebble,0,0,0,False,Go
2025-12-10 00:50:35,prtofolio,1,0,1,False,TypeScript
2025-12-10 00:50:35,sddm-astronaut-theme,2,0,2,False,QML
2025-12-10 00:50:35,snapd,0,0,0,False,N/A
2025-12-10 00:50:35,tyr,6,1,6,False,Rust
2025-12-10 00:50:35,vanish,6,0,6,False,Go
2025-12-10 00:50:35,venus,2,0,2,False,CSS
2025-12-11 00:51:07,archinstall,0,0,0,False,N/A
2025-12-11 00:51:07,Athena,1,0,1,False,N/A
2025-12-11 00:51:07,eulix,3,0,3,False,Rust
2025-12-11 00:51:07,Freya,2,0,2,False,N/A
2025-12-11 00:51:07,gin,0,0,0,False,N/A
2025-12-11 00:51:07,github-stats,0,0,0,False,Python
2025-12-11 00:51:07,Hecate,102,1,102,False,Shell
2025-12-11 00:51:07,Hermes,0,0,0,False,N/A
2025-12-11 00:51:07,hydra,0,0,0,False,N/A
2025-12-11 00:51:07,Memori,0,0,0,False,N/A
2025-12-11 00:51:07,Nurysso,1,0,1,False,Python
2025-12-11 00:51:07,pebble,0,0,0,False,Go
2025-12-11 00:51:07,prtofolio,1,0,1,False,TypeScript
2025-12-11 00:51:07,sddm-astronaut-theme,2,0,2,False,QML
2025-12-11 00:51:07,snapd,0,0,0,False,N/A
2025-12-11 00:51:07,tyr,6,1,6,False,Rust
2025-12-11 00:51:07,vanish,6,0,6,False,Go
2025-12-11 00:51:07,venus,2,0,2,False,CSS
2025-12-12 00:49:50,archinstall,0,0,0,False,N/A
2025-12-12 00:49:50,Athena,1,0,1,False,N/A
2025-12-12 00:49:50,eulix,3,0,3,False,Rust
2025-12-12 00:49:50,Freya,2,0,2,False,N/A
2025-12-12 00:49:50,gin,0,0,0,False,N/A
2025-12-12 00:49:50,github-stats,0,0,0,False,Python
2025-12-12 00:49:50,Hecate,102,1,102,False,Shell
2025-12-12 00:49:50,Hermes,0,0,0,False,N/A
2025-12-12 00:49:50,hydra,0,0,0,False,N/A
2025-12-12 00:49:50,Memori,0,0,0,False,N/A
2025-12-12 00:49:50,Nurysso,1,0,1,False,Python
2025-12-12 00:49:50,pebble,0,0,0,False,Go
2025-12-12 00:49:50,prtofolio,1,0,1,False,TypeScript
2025-12-12 00:49:50,sddm-astronaut-theme,2,0,2,False,QML
2025-12-12 00:49:50,snapd,0,0,0,False,N/A
2025-12-12 00:49:50,tyr,6,1,6,False,Rust
2025-12-12 00:49:50,vanish,7,0,7,False,Go
2025-12-12 00:49:50,venus,2,0,2,False,CSS
2025-12-13 00:46:14,Athena,1,0,1,False,N/A
2025-12-13 00:46:14,eulix,3,0,3,False,Rust
2025-12-13 00:46:14,Freya,2,0,2,False,N/A
2025-12-13 00:46:14,gin,0,0,0,False,Go
2025-12-13 00:46:14,github-stats,0,0,0,False,Python
2025-12-13 00:46:14,Hecate,102,1,102,False,Shell
2025-12-13 00:46:14,Hermes,0,0,0,False,N/A
2025-12-13 00:46:14,Nurysso,1,0,1,False,Python
2025-12-13 00:46:14,pebble,0,0,0,False,Go
2025-12-13 00:46:14,prtofolio,1,0,1,False,TypeScript
2025-12-13 00:46:14,sddm-astronaut-theme,2,0,2,False,QML
2025-12-13 00:46:14,snapd,0,0,0,False,N/A
2025-12-13 00:46:14,tyr,6,1,6,False,Rust
2025-12-13 00:46:14,vanish,7,0,7,False,Go
2025-12-13 00:46:14,venus,2,0,2,False,CSS
2025-12-14 00:54:31,Athena,1,0,1,False,N/A
2025-12-14 00:54:31,eulix,3,0,3,False,Rust
2025-12-14 00:54:31,Freya,2,0,2,False,N/A
2025-12-14 00:54:31,gin,0,0,0,False,Go
2025-12-14 00:54:31,github-stats,0,0,0,False,Python
2025-12-14 00:54:31,Hecate,101,1,101,False,Shell
2025-12-14 00:54:31,Hermes,0,0,0,False,N/A
2025-12-14 00:54:31,Nurysso,1,0,1,False,Python
2025-12-14 00:54:31,pebble,0,0,0,False,Go
2025-12-14 00:54:31,prtofolio,1,0,1,False,TypeScript
2025-12-14 00:54:31,sddm-astronaut-theme,2,0,2,False,QML
2025-12-14 00:54:31,snapd,0,0,0,False,N/A
2025-12-14 00:54:31,tyr,6,1,6,False,Rust
2025-12-14 00:54:31,vanish,7,0,7,False,Go
2025-12-14 00:54:31,venus,2,0,2,False,CSS
2025-12-15 00:52:58,Athena,1,0,1,False,N/A
2025-12-15 00:52:58,eulix,3,0,3,False,Rust
2025-12-15 00:52:58,Freya,2,0,2,False,N/A
2025-12-15 00:52:58,gin,0,0,0,False,Go
2025-12-15 00:52:58,github-stats,0,0,0,False,Python
2025-12-15 00:52:58,Hecate,101,1,101,False,Shell
2025-12-15 00:52:58,Hermes,0,0,0,False,N/A
2025-12-15 00:52:58,Nurysso,1,0,1,False,Python
2025-12-15 00:52:58,pebble,0,0,0,False,Go
2025-12-15 00:52:58,prtofolio,1,0,1,False,TypeScript
2025-12-15 00:52:58,sddm-astronaut-theme,2,0,2,False,QML
2025-12-15 00:52:58,snapd,0,0,0,False,N/A
2025-12-15 00:52:58,tyr,6,1,6,False,Rust
2025-12-15 00:52:58,vanish,7,0,7,False,Go
2025-12-15 00:52:58,venus,2,0,2,False,CSS
2025-12-16 00:51:00,Athena,1,0,1,False,N/A
2025-12-16 00:51:00,eulix,3,0,3,False,Rust
2025-12-16 00:51:00,Freya,2,0,2,False,N/A
2025-12-16 00:51:00,gin,0,0,0,False,Go
2025-12-16 00:51:00,github-stats,0,0,0,False,Python
2025-12-16 00:51:00,Hecate,101,1,101,False,Shell
2025-12-16 00:51:00,Hermes,0,0,0,False,N/A
2025-12-16 00:51:00,Nurysso,1,0,1,False,Python
2025-12-16 00:51:00,pebble,0,0,0,False,Go
2025-12-16 00:51:00,prtofolio,1,0,1,False,TypeScript
2025-12-16 00:51:00,sddm-astronaut-theme,2,0,2,False,QML
2025-12-16 00:51:00,snapd,0,0,0,False,N/A
2025-12-16 00:51:00,tyr,7,1,7,False,Rust
2025-12-16 00:51:00,vanish,8,0,8,False,Go
2025-12-16 00:51:00,venus,2,0,2,False,CSS
2025-12-17 00:45:38,Athena,1,0,1,False,N/A
2025-12-17 00:45:38,eulix,3,0,3,False,Rust
2025-12-17 00:45:38,Freya,2,0,2,False,N/A
2025-12-17 00:45:38,gin,0,0,0,False,Go
2025-12-17 00:45:38,github-stats,0,0,0,False,Python
2025-12-17 00:45:38,Hecate,101,1,101,False,Shell
2025-12-17 00:45:38,Hermes,0,0,0,False,N/A
2025-12-17 00:45:38,Nurysso,1,0,1,False,Python
2025-12-17 00:45:38,pebble,0,0,0,False,Go
2025-12-17 00:45:38,prtofolio,1,0,1,False,TypeScript
2025-12-17 00:45:38,sddm-astronaut-theme,2,0,2,False,QML
2025-12-17 00:45:38,snapd,0,0,0,False,N/A
2025-12-17 00:45:38,tyr,7,1,7,False,Rust
2025-12-17 00:45:38,vanish,8,0,8,False,Go
2025-12-17 00:45:38,venus,2,0,2,False,CSS
